request_id,request_time,origin_zone,destination_zone
r0000001,900,cz1,cz3
r0000002,2700,cz3,cz3
r0000003,5400,cz3,cz3
r0000004,9000,cz3,cz3
r0000005,16200,cz3,cz3
r0000006,19800,cz3,cz3
r0000007,22050,cz1,cz1
r0000008,22950,cz1,cz3
r0000009,23850,cz3,cz1
r0000010,24750,cz3,cz3
r0000011,25350,cz1,cz1
r0000012,25650,cz1,cz2
r0000013,25950,cz1,cz3
r0000014,26250,cz2,cz1
r0000015,26550,cz2,cz2
r0000016,26850,cz2,cz3
r0000017,27149,cz3,cz1
r0000018,27450,cz3,cz2
r0000019,27750,cz3,cz3
r0000020,28050,cz3,cz4
r0000021,28350,cz4,cz1
r0000022,28650,cz4,cz3
r0000023,28890,cz1,cz1
r0000024,29070,cz1,cz1
r0000025,29250,cz1,cz2
r0000026,29430,cz1,cz3
r0000027,29610,cz1,cz3
r0000028,29790,cz1,cz4
r0000029,29970,cz2,cz1
r0000030,30150,cz2,cz2
r0000031,30330,cz2,cz3
r0000032,30510,cz2,cz4
r0000033,30690,cz3,cz1
r0000034,30870,cz3,cz1
r0000035,31050,cz3,cz2
r0000036,31230,cz3,cz3
r0000037,31410,cz3,cz3
r0000038,31590,cz3,cz4
r0000039,31770,cz4,cz1
r0000040,31950,cz4,cz2
r0000041,32130,cz4,cz3
r0000042,32310,cz4,cz4
r0000043,32494,cz1,cz1
r0000044,32684,cz1,cz2
r0000045,32873,cz1,cz3
r0000046,33063,cz1,cz3
r0000047,33252,cz1,cz4
r0000048,33442,cz2,cz1
r0000049,33631,cz2,cz2
r0000050,33821,cz2,cz3
r0000051,34010,cz2,cz4
r0000052,34200,cz3,cz1
r0000053,34389,cz3,cz1
r0000054,34578,cz3,cz2
r0000055,34768,cz3,cz3
r0000056,34957,cz3,cz3
r0000057,35147,cz3,cz4
r0000058,35336,cz4,cz1
r0000059,35526,cz4,cz2
r0000060,35715,cz4,cz3
r0000061,35905,cz4,cz4
r0000062,36112,cz1,cz1
r0000063,36337,cz1,cz2
r0000064,36562,cz1,cz3
r0000065,36787,cz1,cz4
r0000066,37012,cz2,cz1
r0000067,37237,cz2,cz2
r0000068,37462,cz2,cz3
r0000069,37687,cz2,cz4
r0000070,37912,cz3,cz1
r0000071,38137,cz3,cz2
r0000072,38362,cz3,cz3
r0000073,38587,cz3,cz4
r0000074,38812,cz4,cz1
r0000075,39037,cz4,cz2
r0000076,39262,cz4,cz3
r0000077,39487,cz4,cz4
r0000078,39705,cz1,cz1
r0000079,39917,cz1,cz2
r0000080,40129,cz1,cz3
r0000081,40341,cz1,cz4
r0000082,40552,cz2,cz1
r0000083,40764,cz2,cz2
r0000084,40976,cz2,cz3
r0000085,41188,cz2,cz4
r0000086,41400,cz3,cz1
r0000087,41611,cz3,cz2
r0000088,41823,cz3,cz3
r0000089,42035,cz3,cz3
r0000090,42247,cz3,cz4
r0000091,42458,cz4,cz1
r0000092,42670,cz4,cz2
r0000093,42882,cz4,cz3
r0000094,43094,cz4,cz4
r0000095,43305,cz1,cz1
r0000096,43517,cz1,cz2
r0000097,43729,cz1,cz3
r0000098,43941,cz1,cz4
r0000099,44152,cz2,cz1
r0000100,44364,cz2,cz2
r0000101,44576,cz2,cz3
r0000102,44788,cz2,cz4
r0000103,45000,cz3,cz1
r0000104,45211,cz3,cz2
r0000105,45423,cz3,cz3
r0000106,45635,cz3,cz3
r0000107,45847,cz3,cz4
r0000108,46058,cz4,cz1
r0000109,46270,cz4,cz2
r0000110,46482,cz4,cz3
r0000111,46694,cz4,cz4
r0000112,46905,cz1,cz1
r0000113,47117,cz1,cz2
r0000114,47329,cz1,cz3
r0000115,47541,cz1,cz4
r0000116,47752,cz2,cz1
r0000117,47964,cz2,cz2
r0000118,48176,cz2,cz3
r0000119,48388,cz2,cz4
r0000120,48600,cz3,cz1
r0000121,48811,cz3,cz2
r0000122,49023,cz3,cz3
r0000123,49235,cz3,cz3
r0000124,49447,cz3,cz4
r0000125,49658,cz4,cz1
r0000126,49870,cz4,cz2
r0000127,50082,cz4,cz3
r0000128,50294,cz4,cz4
r0000129,50500,cz1,cz1
r0000130,50700,cz1,cz2
r0000131,50900,cz1,cz3
r0000132,51100,cz1,cz3
r0000133,51300,cz1,cz4
r0000134,51500,cz2,cz1
r0000135,51700,cz2,cz2
r0000136,51900,cz2,cz3
r0000137,52100,cz2,cz4
r0000138,52300,cz3,cz1
r0000139,52500,cz3,cz2
r0000140,52700,cz3,cz3
r0000141,52900,cz3,cz3
r0000142,53100,cz3,cz4
r0000143,53300,cz4,cz1
r0000144,53500,cz4,cz2
r0000145,53700,cz4,cz3
r0000146,53900,cz4,cz4
r0000147,54090,cz1,cz1
r0000148,54270,cz1,cz1
r0000149,54450,cz1,cz2
r0000150,54630,cz1,cz3
r0000151,54810,cz1,cz3
r0000152,54990,cz1,cz4
r0000153,55170,cz2,cz1
r0000154,55350,cz2,cz2
r0000155,55530,cz2,cz3
r0000156,55710,cz2,cz4
r0000157,55890,cz3,cz1
r0000158,56070,cz3,cz1
r0000159,56250,cz3,cz2
r0000160,56430,cz3,cz3
r0000161,56610,cz3,cz3
r0000162,56790,cz3,cz4
r0000163,56970,cz4,cz1
r0000164,57150,cz4,cz2
r0000165,57330,cz4,cz3
r0000166,57510,cz4,cz4
r0000167,57685,cz1,cz1
r0000168,57857,cz1,cz1
r0000169,58028,cz1,cz2
r0000170,58200,cz1,cz3
r0000171,58371,cz1,cz3
r0000172,58542,cz1,cz4
r0000173,58714,cz2,cz1
r0000174,58885,cz2,cz1
r0000175,59057,cz2,cz2
r0000176,59228,cz2,cz3
r0000177,59400,cz2,cz4
r0000178,59571,cz3,cz1
r0000179,59742,cz3,cz1
r0000180,59914,cz3,cz2
r0000181,60085,cz3,cz3
r0000182,60257,cz3,cz3
r0000183,60428,cz3,cz4
r0000184,60600,cz4,cz1
r0000185,60771,cz4,cz2
r0000186,60942,cz4,cz3
r0000187,61114,cz4,cz4
r0000188,61281,cz1,cz1
r0000189,61445,cz1,cz1
r0000190,61609,cz1,cz2
r0000191,61772,cz1,cz2
r0000192,61936,cz1,cz3
r0000193,62100,cz1,cz3
r0000194,62263,cz1,cz4
r0000195,62427,cz2,cz1
r0000196,62590,cz2,cz1
r0000197,62754,cz2,cz2
r0000198,62918,cz2,cz3
r0000199,63081,cz2,cz4
r0000200,63245,cz3,cz1
r0000201,63409,cz3,cz1
r0000202,63572,cz3,cz2
r0000203,63736,cz3,cz3
r0000204,63900,cz3,cz3
r0000205,64063,cz3,cz4
r0000206,64227,cz4,cz1
r0000207,64390,cz4,cz2
r0000208,64554,cz4,cz3
r0000209,64718,cz4,cz4
r0000210,64885,cz1,cz1
r0000211,65057,cz1,cz1
r0000212,65228,cz1,cz2
r0000213,65400,cz1,cz3
r0000214,65571,cz1,cz3
r0000215,65742,cz1,cz4
r0000216,65914,cz2,cz1
r0000217,66085,cz2,cz1
r0000218,66257,cz2,cz2
r0000219,66428,cz2,cz3
r0000220,66600,cz2,cz4
r0000221,66771,cz3,cz1
r0000222,66942,cz3,cz1
r0000223,67114,cz3,cz2
r0000224,67285,cz3,cz3
r0000225,67457,cz3,cz3
r0000226,67628,cz3,cz4
r0000227,67800,cz4,cz1
r0000228,67971,cz4,cz2
r0000229,68142,cz4,cz3
r0000230,68314,cz4,cz4
r0000231,68512,cz1,cz1
r0000232,68737,cz1,cz2
r0000233,68962,cz1,cz3
r0000234,69187,cz1,cz4
r0000235,69412,cz2,cz1
r0000236,69637,cz2,cz2
r0000237,69862,cz2,cz3
r0000238,70087,cz2,cz4
r0000239,70312,cz3,cz1
r0000240,70537,cz3,cz2
r0000241,70762,cz3,cz3
r0000242,70987,cz3,cz4
r0000243,71212,cz4,cz1
r0000244,71437,cz4,cz2
r0000245,71662,cz4,cz3
r0000246,71887,cz4,cz4
r0000247,72163,cz1,cz1
r0000248,72490,cz1,cz2
r0000249,72818,cz1,cz3
r0000250,73145,cz2,cz1
r0000251,73472,cz2,cz2
r0000252,73800,cz2,cz3
r0000253,74127,cz3,cz1
r0000254,74454,cz3,cz2
r0000255,74781,cz3,cz3
r0000256,75109,cz3,cz4
r0000257,75436,cz4,cz3
r0000258,75800,cz1,cz1
r0000259,76200,cz1,cz2
r0000260,76600,cz1,cz3
r0000261,77000,cz2,cz1
r0000262,77400,cz2,cz2
r0000263,77800,cz2,cz3
r0000264,78200,cz3,cz1
r0000265,78600,cz3,cz3
r0000266,79000,cz4,cz3
r0000267,79457,cz1,cz1
r0000268,79971,cz1,cz2
r0000269,80485,cz1,cz3
r0000270,81000,cz2,cz1
r0000271,81514,cz3,cz1
r0000272,82028,cz3,cz3
r0000273,82542,cz4,cz3
r0000274,83250,cz1,cz1
r0000275,84150,cz1,cz3
r0000276,85050,cz3,cz1
r0000277,85950,cz3,cz3
